ModelPair,WilcoxonStat,p-value,n1,n2,A12,A12_desc
Llama vs Claude,0.3149183286488868,0.7528236648962049,60,60,0.5166666666666667,negligible
