ModelPair,WilcoxonStat,p-value,n1,n2
Llama vs Claude,0.2571833017299242,0.7970372738557214,60,60
