Pair,WilcoxonStat,p-value
"['P1_Parham_Sheet1', 'P2_Dipeeka_Sheet1']",-1.0969655114602888,0.27265646879500405
"['P3_MO_Sheet1', 'P4_Armina_Sheet1']",0.05773502691896257,0.9539596927720386
"['P5_ Delaram_Sheet1', 'P6_ Baharin_Sheet1']",0.7505553499465134,0.4529203011037244
"['P7_ Jia_Sheet1', 'P8_ Negin_Sheet1']",-1.0392304845413263,0.29869755599497017
"['P9_ Pouya_Sheet1', 'P10_ Diane_Sheet1']",-0.3464101615137754,0.7290344895388041
