ModelPair,WilcoxonStat,p-value,n1,n2
Llama vs Claude,0.12334301205414733,0.9018354821522864,60,60
