ModelPair,WilcoxonStat,p-value,n1,n2,A12,A12_desc
Llama vs Claude,0.12334301205414733,0.9018354821522864,60,60,0.5065277777777778,negligible
