ModelPair,WilcoxonStat,p-value,n1,n2
Llama vs Claude,-0.8187876544871057,0.41290757574830705,60,60
