ModelPair,WilcoxonStat,p-value,n1,n2,A12,A12_desc
Llama vs Claude,-0.7189016426921303,0.472201524255879,54,54,0.4598765432098766,negligible
