ModelPair,WilcoxonStat,p-value,n1,n2
Llama vs Claude,0.6692014483788845,0.5033669824581061,60,60
