,mean,median,std
Reg_tokens,141.81666666666666,110.5,122.8936811343248
Gherkin_tokens,275.2583333333333,237.0,132.72043631515936
