ModelPair,WilcoxonStat,p-value,n1,n2,A12,A12_desc
Llama vs Claude,0.16533212254066557,0.8686825765857538,60,60,0.50875,negligible
