ModelPair,WilcoxonStat,p-value,n1,n2,A12,A12_desc
Llama vs Claude,-0.48038446141526137,0.6309540411841708,6,6,0.41666666666666663,Small
