,Mean,Median,StdDev
Reg_tokens,141.83333333333334,110.5,122.98557224484568
Gherkin_tokens,275.28333333333336,237.0,132.71250175943976
